var,coef,ci_lo,ci_hi,pvalue,efeito_pct,modelo
Intercept,4.680253904311472,-4.544061367390704,13.904569176013649,0.3196482092704767,10679.743933159623,receita
ar_condicionado[T.True],0.5842274822724228,-1.3277100808414861,2.4961650453863315,0.5488795893492965,79.36048587553823,receita
tv[T.True],1.084358310637047,-0.7670917714916949,2.9358083927657885,0.2506969050874876,195.75413868544223,receita
cozinha[T.True],0.5371436533753042,-1.0146659315976836,2.0889532383482923,0.4971297074280406,71.11123453222095,receita
vista_mar[T.True],0.29367760664060055,-0.35141028695883575,0.9387655002400368,0.37186941940282653,34.13513911700047,receita
elevador[T.True],-0.2633509489685823,-0.8122425587130531,0.2855406607758885,0.3466635446818744,-23.152784452922816,receita
piscina[T.True],-0.6344364686163941,-1.6575432530434762,0.3886703158106879,0.22393605424698002,-46.97657922424937,receita
churrasqueira[T.True],0.0451622558288025,-0.5162142666492278,0.6065387783068328,0.8745888818612381,4.619759779618534,receita
academia[T.True],0.7176609550867271,-0.5289265774491033,1.9642484876225574,0.25885656798444834,104.96334147503164,receita
varanda[T.True],-0.35683450164846253,-0.8677618804454695,0.15409287714854447,0.1708297339216134,-30.011168148675303,receita
is_superhost[T.True],0.40765958022450854,-0.10246555759036458,0.9177847180393817,0.11715260955030067,50.329532259885255,receita
flag_rating_missing[T.True],-4.250150470712001,-13.043031279102781,4.54273033767878,0.3430829612572525,-98.573791227896,receita
is_professional[T.True],-0.3692166021244362,-1.3270190654189689,0.5885858611700965,0.44954786156810894,-30.872433754403183,receita
host_multi_listing[T.True],-0.20192998119311464,-0.7474145732386651,0.34355461085243577,0.467735999753385,-18.284785804279156,receita
can_instant_book[T.True],0.7188862606460915,0.19217074573887705,1.245601775553306,0.007522615179085268,105.2146381229559,receita
bairro_Centro[T.True],-0.18518220499748422,-0.8630703142412479,0.4927059042462795,0.5920251948182713,-16.904713370688587,receita
bairro_Morretes[T.True],0.1887624756860067,-0.6229241339395596,1.000449085311573,0.6482263352832438,20.775404745919584,receita
bairro_Tabuleiro_dos_Oliveiras[T.True],1.2801484130821261,-0.27697507774320385,2.837271903907456,0.10699477957552998,259.71735535688,receita
bairro_Casa_Branca[T.True],-0.6783701071158582,-2.5055681154271197,1.1488279011954035,0.46644123403961807,-49.255660291092816,receita
bairro_Ilhota[T.True],-1.3138681677134234,-3.5030536206630867,0.8753172852362399,0.23917879642846293,-73.1221636824954,receita
bairro_Outros[T.True],-1.2493153704380633,-2.4994460332640704,0.0008152923879440888,0.0501493033127741,-71.32989863259913,receita
number_of_bedrooms,-0.342948201838381,-0.7229907948575756,0.037094391180813646,0.07689649459565238,-29.032502953300426,receita
number_of_guests,0.29454371849961275,0.14796274226869413,0.4411246947305314,8.613016847876809e-05,34.251365476948706,receita
n_amenities,0.005477156921127457,-0.01772677997966595,0.028681093821920862,0.6433138789735288,0.5492183967734097,receita
log_host_reviews,0.2728752367031009,0.09208626664045053,0.45366420676575125,0.003131107449441374,31.373632852397996,receita
log_reviews,0.3311357210845311,0.022037885873817165,0.640233556295245,0.03578179485124226,39.25487777136258,receita
star_rating,-0.8169838336793366,-2.55586655477796,0.9218988874192869,0.35675574638590485,-55.823792499497316,receita
Intercept,-3.12778436434343,-51.25982511132172,45.00425638263485,0.8985520987908837,-95.61852326512972,ocupacao
ar_condicionado[T.True],6.3900568975461125,-3.5863428657823837,16.366456660874608,0.20907150463411253,59489.04834297465,ocupacao
tv[T.True],8.685957113672478,-0.9748218351342608,18.346736062479216,0.07798027959483302,591820.3137538711,ocupacao
cozinha[T.True],2.3850693935858405,-5.712199615053358,10.48233840222504,0.5633765948597986,985.981624036405,ocupacao
vista_mar[T.True],1.8317816553181856,-1.5342564586827543,5.197819769319126,0.2858160209599441,524.5003195821143,ocupacao
elevador[T.True],-0.04204602432124166,-2.906136479570847,2.822044430928364,0.9770228770475226,-4.117434974278375,ocupacao
piscina[T.True],-1.48817108515007,-6.826693889940017,3.850351719639877,0.5844751831757959,-77.42147799063571,ocupacao
churrasqueira[T.True],-1.6512169588406278,-4.580453098156088,1.2780191804748327,0.2689078114504002,-80.8183666059171,ocupacao
academia[T.True],-0.9800278588236715,-7.4846626358630814,5.5246069182157385,0.7675465822800405,-62.469935672868445,ocupacao
varanda[T.True],-2.781973201969023,-5.447968095969037,-0.11597830796900954,0.040850076126408445,-93.80837864326811,ocupacao
is_superhost[T.True],2.155800546485415,-0.506008292018489,4.817609384989319,0.11230544359262155,763.4799971564133,ocupacao
flag_rating_missing[T.True],-4.044071312164235,-49.92490743786737,41.8367648135389,0.862709170054863,-98.24740267414266,ocupacao
is_professional[T.True],-2.883011006916923,-7.880778953148615,2.11475693931477,0.2578993793627866,-94.40340051167995,ocupacao
host_multi_listing[T.True],-1.9046606572942317,-4.750973455354129,0.9416521407656653,0.18943227755652936,-85.11268469299414,ocupacao
can_instant_book[T.True],2.531722124239668,-0.21665451715210837,5.280098765631445,0.07096051845021241,1157.5143459610665,ocupacao
bairro_Centro[T.True],0.4594476902426008,-3.0777403974312483,3.99663577791645,0.7988554820320357,58.31993270394229,ocupacao
bairro_Morretes[T.True],0.8090107432431082,-3.426331590309322,5.044353076795538,0.7078554218152998,124.56853280830597,ocupacao
bairro_Tabuleiro_dos_Oliveiras[T.True],6.472886189901318,-1.652110528109998,14.597882907912634,0.11828921425587928,64634.94066371008,ocupacao
bairro_Casa_Branca[T.True],-3.0971054386685473,-12.631338213499353,6.437127336162257,0.5239691541276098,-95.482021102292,ocupacao
bairro_Ilhota[T.True],-10.484414680061274,-21.907480817806285,0.9386514576837364,0.07198853902266783,-99.9972031024503,ocupacao
bairro_Outros[T.True],-6.3486506811268555,-12.871773344418573,0.17447198216486193,0.05643765587340715,-99.82508943540283,ocupacao
number_of_bedrooms,-1.8292048712229632,-3.812249144319634,0.15383940187370748,0.07057828214320325,-83.94588320583026,ocupacao
number_of_guests,1.123085875854621,0.3582332756489347,1.8879384760603073,0.0040444478505358575,207.4326570634891,ocupacao
n_amenities,0.020154592841602405,-0.10092245228341823,0.14123163796662302,0.7439922704323069,2.0359068042414075,ocupacao
log_host_reviews,0.6437047073718953,-0.2996435864959899,1.5870530012397805,0.18086038999560042,90.35198165498231,ocupacao
log_reviews,3.9219408596830982,2.309082976908294,5.534798742457903,2.1045770907052128e-06,4949.835995842173,ocupacao
star_rating,-1.8437938785444303,-10.917201662306235,7.229613905217375,0.6901444022930201,-84.17839663920729,ocupacao
Intercept,2.2826115238297136,-7.478195012750987,12.043418060410414,0.646364654902847,880.2245811191924,apartamento
ar_condicionado[T.True],0.6069379123476246,-1.3815587828870124,2.595434607582262,0.5492935420188222,83.48044560130663,apartamento
tv[T.True],0.9674343462144526,-1.3200719072030132,3.2549405996319183,0.4067366935627407,163.11850819848587,apartamento
cozinha[T.True],1.077647127128312,-0.6438598633546948,2.7991541176113186,0.21954837429181528,193.77592389339227,apartamento
vista_mar[T.True],0.19246999173656698,-0.4703897829652338,0.8553297664383678,0.5689029372273359,21.224012594058657,apartamento
elevador[T.True],-0.29307766810508107,-0.8752407926277308,0.28908545641756866,0.3233960363843751,-25.40357991787257,apartamento
piscina[T.True],-0.5496062011467931,-1.7474053576765702,0.6481929553829838,0.3680696887028696,-42.28229427039769,apartamento
churrasqueira[T.True],0.24874615786887658,-0.34520008032603644,0.8426923960637895,0.41131949139674656,28.241646042223085,apartamento
academia[T.True],0.5591553948659803,-0.797095823352247,1.9154066130842078,0.4186396807795154,74.91944975665727,apartamento
varanda[T.True],-0.3352544785396482,-0.8685427494121398,0.19803379233284346,0.21759382230202845,-28.48439286785679,apartamento
is_superhost[T.True],0.4529719267213482,-0.08198779869437339,0.9879316521370698,0.09689624656173468,57.29800271877124,apartamento
flag_rating_missing[T.True],-2.880115311922093,-12.059211852825824,6.298981228981637,0.5381725333016804,-94.38717098000718,apartamento
is_professional[T.True],-0.5707860195398989,-1.5911462580345113,0.4495742189547133,0.2725469630941723,-43.491890069299124,apartamento
host_multi_listing[T.True],-0.37500993393324006,-0.9495541735936486,0.1995343057271684,0.20051586262919416,-31.271754866092817,apartamento
can_instant_book[T.True],0.6413483477317116,0.08938211690250353,1.1933145785609196,0.02281704164340455,89.90397197124528,apartamento
bairro_Centro[T.True],-0.0728706641954589,-0.7827461280073631,0.6370047996164452,0.8403762401708648,-7.0278931527553326,apartamento
bairro_Morretes[T.True],0.17326161904430118,-0.7192585455973395,1.0657817836859418,0.7032931835863665,18.917717578748217,apartamento
bairro_Tabuleiro_dos_Oliveiras[T.True],1.5081162976472384,-0.17276952510745902,3.189002120401936,0.07859758501630794,351.82118070039223,apartamento
bairro_Casa_Branca[T.True],0.09514803227438469,-1.8723094485434235,2.0626055130921928,0.924403379942067,9.982165217678608,apartamento
bairro_Ilhota[T.True],-0.6626392428774238,-3.7341295825742797,2.408851096819432,0.6720920300668414,-48.45109632035318,apartamento
bairro_Outros[T.True],-2.3774617699378253,-4.817606691647573,0.06268315177192241,0.05616914747097032,-90.72142094454205,apartamento
number_of_bedrooms,-0.36769311097074314,-0.8215572088973486,0.0861709869558624,0.11218767943785657,-30.767038254581347,apartamento
number_of_guests,0.2975480803648289,0.1284071157053897,0.46668904502426806,0.0005814693126868488,34.65531165614782,apartamento
n_amenities,0.004207217679413129,-0.020259578011016067,0.028674013369842325,0.7358276126085577,0.4216080444549253,apartamento
log_host_reviews,0.3325523280593284,0.1421639538725452,0.5229407022461116,0.0006357278708078218,39.45228699511667,apartamento
log_reviews,0.31450663746503754,-0.008142839403946833,0.6371561143340219,0.05605563043348318,36.95834430874389,apartamento
star_rating,-0.4466437160620533,-2.2573961560778124,1.364108723953706,0.6284267545900901,-36.022819190695756,apartamento
Intercept,9.563135408168838,-16.170853566794783,35.29712438313246,0.4580704285223471,1422939.4419584754,casa
ar_condicionado[T.True],9.563135408168812,-16.17085356679462,35.29712438313224,0.45807042852234503,1422939.4419584374,casa
tv[T.True],4.658225432721547,-3.014247737291729,12.330698602734824,0.22775879031853852,10444.879005221033,casa
cozinha[T.True],-3.907645890079071,-15.142819006479158,7.327527226321017,0.48721233556424975,-97.99122658217854,casa
vista_mar[T.True],1.7963182909715751,-3.889706636101611,7.482343218044761,0.5278096289763392,502.74153738816034,casa
elevador[T.True],1.948027054054061e-14,-2.1336180154716563e-14,6.029672123579778e-14,0.34155770959354775,1.94802705405408e-12,casa
piscina[T.True],-0.8727851278713774,-4.516802447433836,2.7712321916910816,0.6318590717221757,-58.221366100594565,casa
churrasqueira[T.True],0.05818956788473445,-3.2433742230336517,3.3597533588031205,0.9718394272790682,5.991590268259895,casa
academia[T.True],10.4779695848506,-7.245077590152457,28.20101675985366,0.23999528487315194,3552320.5381612317,casa
varanda[T.True],0.0033419654164641988,-3.1349170937251123,3.141601024558041,0.998298146810734,0.3347556009007439,casa
is_superhost[T.True],-0.33039976537582094,-3.000381412291953,2.3395818815403113,0.8043112936608031,-28.136360994576236,casa
flag_rating_missing[T.True],-12.863166220608532,-65.61521377074205,39.888881329524985,0.6257262016087024,-99.9997408221454,casa
is_professional[T.True],1.4999738311304525,-2.9692450384565188,5.969192700717423,0.5025128608193544,348.1571791135969,casa
host_multi_listing[T.True],0.7577761808047174,-2.7284742046602855,4.244026566269721,0.6636339698585526,113.35263641611921,casa
can_instant_book[T.True],0.29643154400638744,-2.6231222784988657,3.215985366511641,0.8388862530056482,34.50504800785036,casa
bairro_Centro[T.True],-0.7880459598340385,-4.9427830899716705,3.3666911703035938,0.7042423504751204,-54.52675067422563,casa
bairro_Morretes[T.True],-0.0595914078680259,-4.003287370141213,3.8841045544051616,0.97585534720872,-5.785059021381707,casa
bairro_Tabuleiro_dos_Oliveiras[T.True],-0.40663799521331523,-8.180264541636932,7.3669885512103015,0.9165602640370605,-33.411479969460515,casa
bairro_Casa_Branca[T.True],-5.56962969609597,-12.959877766361036,1.8206183741690953,0.13602916395420067,-99.61881082703393,casa
bairro_Ilhota[T.True],-1.5374519941503972,-6.4797025003264554,3.4047985120256605,0.5341173355157771,-78.5071957764262,casa
bairro_Outros[T.True],-1.1451973727127958,-4.6413938458960695,2.350999100470478,0.5127896258691874,-68.1838884729556,casa
number_of_bedrooms,-1.2370230105441737,-2.9742042042683186,0.5001581831799711,0.15842380076087,-70.97530046930933,casa
number_of_guests,0.4638051190036362,-0.16072321041992965,1.088333448427202,0.14169413547272983,59.01130574259792,casa
n_amenities,-0.03027995739298086,-0.1673881607612698,0.10682824597530807,0.6585899778755603,-2.982611182675423,casa
log_host_reviews,-0.06807520568401157,-2.0460160692141747,1.9098656578461515,0.9450421776115274,-6.5809785478773515,casa
log_reviews,0.8831457745893436,-1.4608865581656607,3.227178107344348,0.45190448509575054,141.84957949781244,casa
star_rating,-3.2213859142213344,-13.987019533541195,7.544247705098526,0.5497486046073886,-96.01002776685209,casa
